<?xml version="1.0" encoding="UTF-8"?>
<!--跟标签beans，里面配置一个又一个的bean子标签，每一个bean子标签都代表一个类的配置-->
<beans xmlns="http://www.springframework.org/schema/beans"
       xmlns:context="http://www.springframework.org/schema/context"
       xmlns:aop="http://www.springframework.org/schema/aop"
       xmlns:tx="http://www.springframework.org/schema/tx"
       xmlns:xsi="http://www.w3.org/2001/XMLSchema-instance"
       xsi:schemaLocation="
        http://www.springframework.org/schema/beans
        https://www.springframework.org/schema/beans/spring-beans.xsd
        http://www.springframework.org/schema/context
        https://www.springframework.org/schema/context/spring-context.xsd
        http://www.springframework.org/schema/aop
        https://www.springframework.org/schema/aop/spring-aop.xsd
        http://www.springframework.org/schema/tx
        https://www.springframework.org/schema/tx/spring-tx.xsd
">
<!--    开启注解扫描， base-package指定扫描包的路径-->
    <context:component-scan base-package="com.lijm.trans"/>
<!--    引入外部资源文件-->
    <context:property-placeholder location="classpath:jdbc.properties"/>
<!--    定义德鲁伊链接池-->
        <bean id="dataSource" class="com.alibaba.druid.pool.DruidDataSource">
            <property name="driverClassName" value="${jdbc.driver}"/>
            <property name="url" value="${jdbc.url}"/>
            <property name="username" value="${jdbc.username}"/>
            <property name="password" value="${jdbc.password}"/>
        </bean>
<!--    <bean id = "userDao" class = "com.lijm.trans.dao.impl.UserDaoImpl">-->
<!--        <property name="ConnectionUtil" ref="connectionUtil"></property>-->
<!--    </bean>-->
<!--    <bean id = "service" class = "com.lijm.trans.service.impl.UserServiceImpl">-->
<!--        <property name = "UserDao" ref = "userDao"></property>-->
<!--    </bean>-->
<!--&lt;!&ndash; 配置&ndash;&gt;-->
<!--&lt;!&ndash;    数据库连接&ndash;&gt;-->
<!--    <bean id = "connectionUtil" class = "com.lijm.trans.utils.ConnectionUtil">-->
<!--        <property name="dataSource" ref="dataSource"></property>-->
<!--    </bean>-->
<!--&lt;!&ndash;事务管理器&ndash;&gt;-->
<!--    <bean id = "transactionManager" class = "com.lijm.trans.factory.TransactionManager">-->
<!--        <property name="ConnectionUtil" ref="connectionUtil"></property>-->
<!--    </bean>-->
<!--&lt;!&ndash;代理工厂&ndash;&gt;-->
<!--    <bean id = "proxyFactory" class = "com.lijm.trans.factory.ProxyFactory">-->
<!--        <property name="TransactionManager" ref="transactionManager"></property>-->
<!--    </bean>-->

    <bean id="jdbcTemplate" class="org.springframework.jdbc.core.JdbcTemplate">
        <constructor-arg name="dataSource" ref="dataSource"/>
    </bean>
<!--    spring事务配置-->
<!--    1、配置横切逻辑，这里没有配置-->
    <bean id="transactionManager" class="org.springframework.jdbc.datasource.DataSourceTransactionManager">
        <constructor-arg name="dataSource" ref="dataSource"/>
    </bean>
<!--    2、配置advisor增强-->
<!--    3、配置方位点，也就是拦截规则-->


<!--    开启声明式事务注解驱动-->
<tx:annotation-driven transaction-manager="transactionManager"/>
</beans>